31	-2424
231	370
631	-157
831	-1004
1031	-18864
1231	-371
1431	-29584
1831	-5884
2031	-3335
2231	-1987
2431	-5429
2631	302
2831	-1512
3031	151
3231	-11219
3431	-94
3631	-5668
3831	-1116
4031	192
4231	-12879
4431	-6294
4631	-68
4831	12
5031	-828
5231	-15447
32	-3796
232	-1076
432	356
632	-266
832	120
1232	-4349
1432	-8532
1632	-551
1832	-9184
2032	-4650
2232	10
2432	-1266
2632	-2240
2832	165
3032	876
3232	1581
3432	-973
3632	-251
3832	-660
4032	-2013
4232	-1469
4432	-436
4632	423
4832	-2018
5032	-835
5232	-2438
33	-808
233	-9076
433	-1514
633	403
833	78
1033	854
1233	-32083
1433	-3945
1633	-4551
1833	191
2033	-523
2233	-1906
2433	-194
2633	-279
2833	-1945
3033	-5660
3233	-4707
3433	-347
3633	-216
3833	68
4033	-7621
4233	-3198
4433	-2499
4633	-141
4833	-298
5033	129
34	-2716
234	-435
434	-3216
634	-2257
834	-213
1034	-987
1234	-4450
1434	369
1634	-599
1834	-787
2034	-3243
2234	-280
2434	221
2634	-3612
2834	-256
3034	-3747
3234	-4348
3434	184
3634	-434
3834	268
4034	-1963
4234	-7471
4434	-4084
4634	221
4834	740
5034	278
5234	-8896
35	169
235	-2476
635	317
835	-1360
1035	-767
1235	276
1435	-2952
1635	151
1835	67
2035	-954
2235	-178
2435	177
2635	-4069
2835	-3421
3035	-1243
3235	-1130
3435	-2907
3635	359
3835	-174
4035	-548
4235	332
4435	-227
4635	865
4835	-845
5035	-770
5235	302
36	-2559
236	-599
436	-225
636	-1317
836	-1661
1036	-2441
1236	-759
1436	-9108
1636	217
1836	-2287
2036	-877
2236	-94
2436	-1105
2636	-105
2836	-354
3036	-2898
3236	-1669
3436	-9258
3636	-1437
3836	-617
4036	-14584
4236	-953
4436	-242
4636	381
4836	385
5036	-1474
5236	-5291
37	-78
237	-3763
437	997
637	-3113
837	696
1037	-329
1237	-1602
1437	-1640
1637	-7543
1837	-2222
2037	-5505
2237	249
2637	88
2837	95
3037	-21854
3237	-1948
3437	-6671
3637	-683
3837	140
4037	-5392
4237	408
4437	-2523
4637	194
4837	520
5037	-2520
5237	-25382
38	-1224
238	-11017
438	-5230
638	-35534
838	-3848
1038	-1225
1238	-1609
1438	-3319
1638	-872
1838	-3509
2038	-363
2238	-469
2438	-2007
2638	-950
2838	-5130
3038	-1782
3238	-2419
3438	-30915
3638	-1991
4038	-1705
4238	-4839
4438	-267
4838	-1078
5038	-5824
5238	-597
39	-3889
239	-12006
439	-4637
639	-2995
839	483
1039	452
1239	-186
1439	-650
1639	-2431
1839	-2617
2039	-551
2239	33
2439	-968
2639	-3679
2839	329
3039	-4381
3239	492
3439	-42
3639	-958
3839	137
4239	-391
4439	-1531
4639	441
4839	-8031
5039	-207
5239	544
40	-1629
240	-293
440	-1450
640	-101
840	1090
1040	290
1240	-46
1440	-16
1640	-1767
1840	-1019
2040	-5585
2240	-303
2440	-2842
2640	-2933
2840	82
3040	1051
3240	947
3440	400
3640	-3280
3840	602
4240	-7337
4440	-108
4640	-308
4840	-1283
5040	-1967
5240	243
41	-905
241	-944
441	-2979
641	225
841	18
1041	-1140
1241	-409
1441	-5554
1641	-196
1841	-2344
2041	-10897
2241	-1622
2441	-59
2641	-10712
2841	-636
3041	-3049
3241	-72
3441	-3824
3641	-645
3841	349
4041	-4605
4241	-5848
4441	-2909
4641	689
4841	-9193
5041	-664
5241	-29715
42	-143
242	-35457
442	-7624
642	93
842	740
1042	475
1242	-1244
1442	340
1642	-49103
1842	-2336
2042	-1183
2242	-1146
2442	-2744
2642	-2140
2842	139
3042	-5011
3242	-1521
3442	115
3642	-509
3842	-2998
4042	909
4242	30
4442	-3414
4642	-549
4842	124
5042	-234
5242	-20463
43	-2163
243	-179
443	-1083
643	46
843	1326
1043	-1384
1243	-1314
1443	465
1643	-48
1843	-783
2043	-4247
2243	-1974
2443	-3701
2643	-2457
2843	136
3043	-3604
3243	102
3443	-2028
3643	826
3843	66
4043	131
4243	240
4443	-2724
4643	444
4843	281
5043	242
5243	-35303
44	-752
244	281
444	-513
644	409
844	-147
1044	-950
1244	-2776
1444	-1176
1644	-49
1844	-804
2044	-22496
2244	-1352
2444	-1912
2644	-14265
2844	-954
3044	-3969
3244	-746
3444	-51
3644	120
3844	-1573
4044	-7600
4244	-789
4444	387
4644	-850
4844	-142
5044	-1520
5244	-559
45	-856
245	-744
445	526
645	484
845	1156
1245	-6299
1445	-16466
1645	-1431
1845	-135
2045	-3801
2245	370
2445	-556
2645	-12218
2845	-5473
3045	-796
3245	-1748
3445	-6957
3645	-1831
3845	-1554
4045	-3869
4245	-2591
4445	283
4645	154
4845	-5127
5045	-930
5245	-20
46	300
246	-166
446	-1252
646	663
846	486
1246	-97
1446	-11045
1646	411
1846	-6869
2046	-378
2246	-1522
2446	-631
2646	-7541
2846	-4116
3046	-37
3246	-3455
3446	-627
3646	-1540
3846	-476
4046	-21097
4246	-33303
4446	-2167
4646	-1126
4846	-571
5046	-762
5246	-1895
47	-1323
247	-734
447	-5321
647	615
1047	807
1247	-2953
1447	-2065
1647	-1170
1847	-3543
2047	-299
2247	-113
2447	443
2647	-4914
2847	-2840
3047	-1529
3247	-1516
3447	660
3647	-289
3847	-734
4047	-690
4247	-10232
4447	-8831
4647	-1564
4847	-119
5047	-3514
5247	-1558
48	-165
248	-1864
448	-3217
648	-40
848	185
1048	-447
1248	-263
1448	-3089
1648	-30976
1848	-2674
2048	-6592
2248	362
2448	460
2648	-4079
2848	-280
3048	-467
3248	-1935
3448	-105
3648	325
3848	512
4048	-9252
4248	-257
4448	-1326
4648	177
4848	803
5048	-3245
5248	-445
49	-1432
249	-1322
449	-2827
649	846
849	164
1049	305
1249	-89
1449	-1702
1649	-7914
1849	-2165
2049	426
2249	-7582
2449	155
2649	-4119
2849	-5642
3049	-2350
3249	-918
3449	285
3649	-137
3849	-391
4049	-5828
4249	319
4449	78
4849	-1932
5049	-1977
5249	-16564
50	-5140
250	-1856
450	-3500
850	-3344
1050	-428
1250	-4051
1450	-4983
1650	-154
1850	0
2050	-1162
2250	-843
2450	702
2650	-1103
2850	-748
3050	-2328
3250	-419
3450	-30270
3650	-1809
3850	-1985
4050	-1273
4250	-652
4450	-1906
4650	149
4850	-1654
5050	-559
5250	-2688
51	-866
251	-2769
451	-1275
651	-90
851	382
1051	-2905
1251	296
1451	156
1651	-5411
1851	-1066
2051	-2677
2251	-1281
2451	-1815
2651	-711
2851	-801
3051	271
3251	850
3451	-1475
3651	271
3851	-868
4051	-2433
4251	-2635
4451	-4758
4651	934
4851	486
5051	-3946
5251	299
52	-14037
252	-260
452	-12561
652	227
852	-143
1052	-3285
1252	-29
1452	-547
1652	-5211
1852	-2308
2052	-1155
2252	-2036
2452	-5
2652	142
2852	386
3052	-4631
3252	466
3452	-1551
3652	-581
3852	-1583
4052	-1504
4252	-382
4452	-1380
4652	-1511
4852	401
5052	-1634
5252	-12212
53	-4830
253	-3140
453	-1614
653	-307
853	463
1053	-329
1253	-414
1453	-30486
1653	-276
1853	-327
2053	-4363
2253	-2435
2453	698
2653	-3000
2853	-219
3053	-3821
3253	-414
3453	-851
3653	-500
3853	298
4053	-9972
4253	-4108
4453	312
4653	-2425
4853	323
5053	-982
5253	-321
54	31
254	-3619
454	-13687
654	1046
854	-6842
1054	818
1254	356
1454	-292
1654	-7
1854	-10013
2054	-4855
2254	-519
2454	-2262
2654	-255
2854	-856
3054	-2165
3254	-138
3454	-1414
3654	-656
3854	-166
4054	-2114
4254	-7617
4454	-2850
4654	-1124
4854	486
5054	-2606
5254	-1841
55	62
255	-1828
455	-5683
655	468
855	-1096
1055	99
1255	-9524
1455	-7097
1655	-741
1855	-3330
2055	133
2255	-445
2455	-2270
2655	-5900
2855	-19999
3055	-307
3255	-934
3455	-1703
3655	248
3855	-973
4055	-1512
4255	61
4455	-8604
4655	-844
4855	410
5055	-923
5255	-5221
56	-613
256	179
456	-3887
656	-1730
856	249
1056	393
1256	130
1456	-4272
1656	-2636
1856	-1949
2056	-3461
2256	-464
2456	-1033
2656	-1797
2856	83
3056	-2197
3256	-261
3656	-2634
3856	164
4056	-1124
4256	87
4456	-4127
4656	172
4856	347
5056	-994
5256	-2775
57	102
257	289
457	-3692
657	-3891
857	-2114
1057	-463
1257	35
1457	-2021
1657	1717
1857	-2523
2057	-1056
2257	-1683
2457	50
2657	-5937
2857	-3490
3057	-326
3257	-876
3457	-2511
3657	-696
3857	-1682
4057	-931
4257	-449
4457	-1933
4657	210
4857	-6
5057	-1692
5257	-22019
58	-441
258	-6
458	-859
658	231
858	-712
1058	-7234
1258	-1045
1458	-35146
1658	-1933
1858	-1403
2058	-1655
2258	-574
2458	-1404
2658	-1679
2858	-2866
3058	-337
3258	-1737
3458	-869
3658	457
3858	-1591
4058	-2733
4258	605
4658	-1301
4858	-913
5058	-1476
5258	-3033
59	-281
259	499
459	-1859
659	-2623
859	111
1059	-2442
1259	213
1459	-2430
1659	821
1859	569
2059	-11028
2259	-1270
2459	546
2659	-10099
2859	74
3059	454
3259	220
3459	-970
3659	-4564
3859	6
4059	-3703
4259	-43
4459	28
4659	148
4859	-1005
5059	-2734
5259	-2952
60	745
460	83
660	-9264
860	582
1060	-2905
1260	-784
1460	-123
1660	-5890
1860	773
2060	-3409
2260	-1029
2460	-198
2660	-4141
2860	-1108
3060	-405
3260	292
3460	-1579
3660	-369
3860	100
4060	-2798
4260	-6101
4460	-1733
4660	327
5060	34
5260	-9512
61	-240
261	618
461	-27
661	-2026
861	-4145
1061	-5716
1261	-661
1461	-523
1661	-8559
1861	-407
2061	-320
2261	-560
2461	-3326
2661	-288
2861	-844
3061	-840
3261	150
3461	-1914
3661	-521
3861	2
4061	-2486
4261	-37117
4461	-3264
4661	250
4861	726
5061	-930
5261	-216
62	-6484
262	1010
462	200
662	-880
862	341
1062	-466
1262	266
1462	-240
1662	60
1862	-3031
2062	-7905
2262	-1352
2462	186
2662	-25359
2862	-1609
3062	-1150
3262	475
3462	-14
3662	-78
3862	-165
4062	-2273
4262	-7556
4462	-481
4662	-723
4862	-1255
5062	-3395
5262	-6269
63	-568
263	475
463	635
663	-2827
863	1036
1063	321
1263	-1539
1463	428
1663	85
1863	-10921
2063	-5887
2263	-527
2463	1155
2663	-1881
2863	592
3063	275
3263	-43
3463	-6262
3663	149
3863	147
4063	383
4263	-500
4463	-3042
4663	-707
5063	478
5263	-20063
64	-15452
464	-2803
664	-3057
864	86
1064	97
1264	-1181
1464	-543
1664	-599
1864	-3780
2064	747
2264	-1346
2464	618
2664	375
2864	-7228
3064	-570
3264	-2360
3464	-953
3664	-1555
3864	-994
4064	-1731
4264	-7820
4464	-8717
4664	779
4864	269
5064	-1093
5264	-7400
65	-1485
265	-1515
465	-592
665	211
865	96
1065	-280
1265	-1328
1465	-4150
1665	-11446
1865	-1659
2065	-63
2265	-902
2465	-1334
2665	-2821
2865	-1874
3065	-493
3265	-4595
3465	-765
3665	178
3865	239
4065	425
4265	-3334
4465	-3040
4665	-2338
4865	618
5065	-24
5265	-6541
66	-3331
266	-707
466	-624
666	-1077
866	-232
1066	218
1266	2413
1466	-1263
1666	-4519
1866	-857
2066	596
2266	-1475
2466	-864
2666	-3181
2866	-606
3066	-2113
3266	276
3466	-8414
3666	179
3866	-119
4066	-606
4266	-370
4466	-3659
4666	314
4866	701
5066	-3951
5266	-3931
67	-341
267	338
467	-535
667	-4411
867	77
1067	458
1267	-46
1467	-2165
1667	901
1867	-1687
2067	184
2267	-911
2467	-606
2667	-8076
2867	-1839
3067	-2520
3267	499
3667	-295
3867	-1314
4067	29
4267	-158
4467	-1225
4667	-2872
4867	1161
5067	-637
5267	-6599
68	252
468	-1114
668	-2515
868	-177
1068	499
1268	266
1468	-2157
1668	-26502
1868	-253
2068	-1737
2268	-1665
2468	428
2668	-1126
2868	494
3068	-1135
3268	74
3468	117
3668	367
3868	359
4068	-459
4268	-1879
4468	619
4668	-3543
4868	661
5068	-1314
5268	-3455
69	-2507
269	-2306
469	-287
669	-1959
869	363
1069	111
1269	-1227
1469	-1980
1669	-1420
1869	-1212
2069	-3271
2269	-1769
2469	173
2669	-7026
2869	-5611
3069	-928
3269	1076
3469	-67
3669	-656
3869	-3288
4069	-15272
4269	-2109
4469	148
4669	-269
4869	564
5069	-2363
5269	-6018
70	-637
270	-1263
470	-748
670	-716
870	1439
1270	-992
1470	-1213
1670	-7882
1870	-565
2070	-1342
2270	-1013
2470	520
2670	-1815
2870	10
3070	-718
3270	597
3470	-606
3670	413
3870	-130
4070	-2248
4270	-6120
4470	-1841
4670	-3958
4870	-1020
5070	-817
5270	141
71	-52
271	-1369
471	-321
671	-384
871	360
1071	-959
1271	384
1471	-869
1671	-2300
1871	-4885
2071	-1128
2271	-33
2471	623
2671	-292
2871	201
3071	-997
3271	587
3471	-1064
3671	-1296
3871	-559
4071	-25
4271	402
4471	-5044
4671	-767
4871	1131
5071	-7192
5271	-961
72	-59
472	-1064
672	-607
872	1111
1072	571
1272	-1948
1472	-4751
1672	-603
1872	-1016
2072	-1314
2272	-454
2472	181
2672	-760
2872	-31
3072	-612
3272	859
3472	-2126
3672	292
3872	-217
4072	-1165
4272	-2258
4472	242
4672	-19876
4872	-9673
5072	-938
5272	1433
73	-2439
273	-7809
473	-1347
673	-2043
873	1361
1073	-4793
1273	-2435
1473	434
1673	-2339
1873	-1116
2073	628
2273	-1622
2473	-522
2673	-340
2873	135
3073	-2016
3273	-503
3473	-250
3673	-144
3873	2436
4073	-1674
4273	-746
4473	-595
4673	-3592
4873	-149
5073	-734
5273	-4455
74	-16870
274	-3551
474	-2427
674	-795
874	92
1074	205
1274	-1326
1474	-41
1674	-1921
1874	-3586
2274	-1276
2474	-2076
2674	-4944
2874	361
3074	-2773
3274	609
3474	-3543
3674	450
3874	-2925
4074	-6015
4274	180
4474	70
4674	133
4874	-152
5074	151
5274	-10271
75	-3503
275	-497
475	390
675	-847
875	-234
1075	-690
1275	-3857
1475	-391
1675	-921
1875	-3126
2075	-86
2275	-1263
2475	-336
2675	-3430
2875	778
3075	-1106
3275	645
3475	-1756
3675	-1751
3875	-5698
4075	-174
4275	-828
4475	-978
4675	266
4875	-6907
5075	-1001
5275	544
76	-39
276	-228
476	242
676	-2053
876	221
1076	-1269
1276	-5621
1476	-1753
1676	-2544
1876	-5980
2076	-2144
2276	-1477
2476	639
2676	-289
2876	-1047
3076	-108
3276	305
3476	-1098
3676	-4130
3876	-4113
4076	-1980
4276	-1728
4476	-26
4676	-2327
4876	-1417
5076	-1557
5276	-2409
77	392
277	443
477	701
677	-4199
877	64
1077	-1043
1277	-2507
1477	-554
1677	-10978
1877	-3221
2077	-1564
2477	-1005
2677	-539
2877	1003
3077	-2253
3277	471
3477	8
3677	-529
3877	-1637
4077	-894
4277	-241
4477	-662
4677	723
4877	-880
5077	-1501
5277	-1999
78	-3312
278	-727
478	-1249
678	343
878	-643
1078	-765
1278	-1121
1478	418
1678	-5276
1878	296
2078	-499
2278	-357
2478	-271
2678	1053
2878	-977
3078	-929
3278	455
3478	-964
3678	-201
3878	-4906
4078	-5378
4278	-1571
4478	-267
4678	433
4878	-989
5078	-1473
5278	-1419
79	-1778
279	37
479	-67
679	-1135
879	-147
1279	-278
1479	94
1679	-4168
1879	-11206
2079	267
2279	-42
2479	-1045
2679	-787
3079	-1658
3279	583
3479	420
3679	-1224
3879	-13607
4079	-996
4279	-9739
4679	-51424
4879	-3188
5079	16
5279	-9235
80	29
280	-123
480	-108
680	-4630
880	479
1080	-8816
1280	-3306
1480	-89
1680	-30119
1880	-403
2080	-4768
2280	-1808
2480	172
2680	-5673
2880	368
3080	-231
3280	595
3480	198
3680	-205
3880	-4229
4280	-2408
4480	-3124
4680	160
4880	-3115
5280	-4527
81	-6466
281	-1759
481	449
681	-1835
881	443
1081	-1146
1281	-291
1481	-1031
1681	-30
1881	-577
2081	-86
2281	-1500
2481	-3054
2681	-2029
2881	-4722
3081	98
3281	-1079
3481	-2538
3681	320
3881	-867
4081	-83
4281	-12956
4481	-2301
4681	-434
4881	179
5081	129
82	-5220
282	-10148
482	190
682	-731
882	225
1082	104
1282	-386
1482	208
1682	153
1882	-345
2082	-270
2282	-1175
2482	257
2682	-2266
2882	-3572
3082	-7
3282	559
3482	-6624
3682	-7264
3882	-3804
4082	-41
4282	-1768
4482	-3974
4682	608
4882	-116
5082	-205
83	-1418
283	-4048
483	-8390
683	-3698
883	-3755
1083	-11410
1283	-3373
1483	-1857
1683	-1414
1883	-2918
2083	-1817
2283	-146
2483	-910
2683	-2176
2883	53
3083	327
3283	-447
3483	-1074
3683	-723
3883	-6208
4083	-1025
4283	-1581
4483	-6715
4683	-323
4883	-1998
5083	-28
84	-4427
284	-7600
484	-12090
684	385
884	-111
1084	-2443
1284	-4007
1484	-2560
1684	-107
1884	-1857
2084	-6971
2284	107
2484	643
2684	-7961
2884	442
3084	-431
3284	-1376
3484	-675
3684	-103
3884	-1898
4084	716
4284	-2813
4484	-4244
4684	-744
4884	-2677
85	-995
285	-3942
485	-1236
685	-450
885	-1987
1085	-21820
1285	-2545
1485	-2034
1685	-4867
1885	-2350
2085	-3678
2285	-581
2485	-3523
2685	528
2885	-54
3085	175
3285	-3215
3485	-451
3885	-26489
4285	-5004
4485	-1235
4685	1080
4885	-642
5085	-2982
86	184
286	-1974
486	-1191
686	-2889
886	-1293
1086	219
1286	-34
1486	-4639
1686	-3329
1886	-949
2086	-708
2286	-1908
2486	-565
2686	-5428
2886	-130
3086	-1942
3286	-823
3486	371
3686	-1115
3886	-3352
4086	-4818
4286	-472
4486	-360
4686	386
4886	-2442
5086	-6815
87	-655856
287	67
487	-2153
687	257
887	-3980
1087	-1996
1287	-3616
1487	104
1687	-2460
1887	-368
2087	112
2287	-6172
2487	-2038
2687	-23747
2887	-232
3087	650
3287	-2853
3487	-261
3687	-1604
3887	-5052
4087	-1776
4287	-3255
4487	212
4687	-3154
4887	18
5087	-2106
88	-2325
288	-3422
488	-7443
688	-850
888	-1953
1088	-8073
1288	-266
1488	670
1688	-7750
1888	-277
2288	-1121
2488	-2041
2688	-779
2888	-1522
3088	-828
3288	413
3488	-334
3688	-269
3888	-4510
4088	-1548
4288	-2230
4488	-457
4888	-5513
5088	393
89	-286
289	68
489	505
689	-5361
889	-866
1089	-1388
1289	-3317
1489	-11125
1689	-23599
1889	-6965
2089	1324
2289	-574
2489	129
2689	-19611
2889	-135
3089	-893
3289	-339
3489	-337
3689	498
3889	-7526
4089	-1727
4289	-12594
4489	-63
4689	-455
4889	64
5089	-4203
90	-2878
290	-148
490	-4118
690	-955
890	-56
1090	-10552
1290	-2900
1490	-4033
1690	765
1890	-1318
2090	-975
2290	-406
2490	-2668
2690	-785
2890	595
3090	-940
3290	-296
3490	-1481
3690	-539
3890	-1443
4090	-2956
4290	581
4490	139
4690	-47
4890	1335
5090	-920
91	-100
291	-1325
491	-896
691	-2039
891	-548
1091	25
1291	-1696
1491	-1980
1691	-1062
1891	-313
2291	-1226
2491	-1083
2691	421
2891	-616
3091	-838
3291	-1612
3491	391
3691	-4460
3891	-3791
4091	-1840
4291	-278
4491	-608
4691	654
4891	-156
5091	-1109
92	-2208
292	-2922
492	-2082
692	-1265
892	-1406
1092	-1979
1292	-1098
1492	-852
1692	-15943
1892	-347
2092	-3442
2292	-1348
2492	-894
2692	-716
2892	-1117
3092	-6767
3292	211
3492	149
3692	-1233
3892	-3502
4092	-2668
4292	462
4492	142
4692	551
4892	-2713
5092	-309
93	-20511
293	-4215
493	-1534
693	-819
893	74
1093	-1726
1293	-2003
1493	-1957
1693	-476
1893	-3129
2093	-1695
2293	-41
2493	-632
2693	161
3093	673
3293	-189
3493	-1754
3693	161
3893	-4335
4093	-442
4293	-1512
4493	-85
4693	-538
4893	139
5093	-622
94	463
294	-1119
494	272
694	-983
894	-1428
1094	-2346
1294	-749
1494	646
1694	-23868
1894	-4055
2094	-1142
2294	-5584
2494	-1463
2694	-2987
2894	1182
3094	-3683
3294	-3251
3494	-2880
3694	-1288
3894	1175
4094	-1914
4294	-1490
4694	-567
4894	-1056
5094	-6100
95	3153
295	-2198
495	-1921
695	-6394
895	380
1095	-5736
1295	-2684
1495	-1562
1695	-6947
2095	-77
2295	-947
2495	-4918
2695	-303
2895	-2127
3095	-299
3295	-2758
3495	-799
3695	-17
3895	-4596
4095	-3380
4295	-11387
4495	-761
4695	-1784
4895	501
5095	-2766
96	-7218
496	-551
696	-2663
896	-527
1096	-1574
1296	-1172
1496	201
1696	-1169
1896	-993
2096	-1329
2296	-826
2496	-18425
2696	-3999
2896	-2011
3096	-2100
3296	272
3496	-1530
3696	-1298
3896	-4750
4096	-3401
4296	-5226
4496	-1721
4696	-1106
4896	-1106
5096	-692
97	-1574
297	-595
497	238
697	-863
897	-2887
1097	169
1297	-304
1497	-4054
1697	-1748
1897	-8398
2097	-438
2297	-167
2497	9
2697	-760
2897	-1608
3097	-1047
3297	427
3497	-382
3697	108
3897	-570
4097	-1070
4297	-2300
4497	554
4697	-514
4897	-544
5097	-1613
98	-5473
298	-1315
498	-2707
698	-896
898	-844
1098	595
1298	-1791
1498	-353
1698	-2169
1898	-1193
2098	286
2298	-1706
2498	-615
2698	-5459
2898	-3656
3098	41
3298	-10426
3498	133
3698	-2479
3898	-2564
4098	214
4298	-4119
4498	530
4698	424
4898	-954
5098	-276
99	-823
299	278
499	-975
699	1048
899	-100
1099	-22468
1299	-340
1499	430
1699	355
1899	-206
2099	327
2299	599
2499	-2827
2699	-5036
2899	-1221
3099	-712
3299	382
3499	-1836
3699	492
3899	749
4099	-2152
4299	-3773
4499	-981
4699	418
4899	835
5099	-2446
100	-1574
300	-2527
500	-1209
900	-388
1100	-747
1300	-582
1500	-5598
1700	-517
1900	-1620
2100	-605
2300	-1920
2500	-4408
2700	-3237
2900	542
3100	-879
3300	-1024
3500	-2264
3700	-2624
3900	-195
4100	-336
4300	-1672
4500	-2556
4700	411
4900	-33
5100	-3013
101	-5947
301	680
501	-17566
701	111
901	-373
1101	-8710
1301	-10179
1501	-2143
1701	628
1901	389
2101	-1236
2301	-2228
2501	7013
2701	-94
2901	-3993
3101	-2090
3301	-1344
3501	-773
3701	288
3901	-3956
4101	-3951
4301	-1710
4501	-2047
4701	163
4901	-1128
5101	-1577
102	-1853
302	-571
502	-4718
702	-420
902	-573
1102	-536
1302	-1324
1502	-4481
1702	421
1902	-1827
2102	381
2302	-68
2502	-3531
2702	257
2902	-2941
3102	837
3302	-715
3502	-1141
3702	-15190
3902	229
4102	-5526
4302	-6927
4502	-1086
4702	1161
4902	21
5102	-5836
103	-1244
303	1182
503	1633
703	-526
903	-287
1103	-1464
1303	358
1503	-2054
1703	-2645
1903	-773
2103	-1218
2303	468
2503	-1594
2703	-6916
2903	-1379
3103	21
3303	-125
3503	-9164
3703	-1539
3903	-1414
4103	-5937
4303	250
4503	354
4703	-370
4903	-2422
5103	-835
104	-658
304	-6082
504	-745
704	-863
904	-18
1104	48
1304	118
1504	618
1704	-1413
1904	-10330
2104	-4618
2304	138
2504	-7041
2704	-1764
2904	-23653
3104	380
3304	709
3504	-1567
3904	-9408
4104	-17646
4304	515
4704	210
4904	474
5104	-1620
105	-3555
305	685
505	-1038
705	-1554
905	318
1105	-161
1305	-997
1505	-2467
1705	-3805
1905	-2856
2105	-1335
2305	-915
2505	-6413
2705	-2645
2905	-4155
3105	-166
3305	-10742
3505	-1267
3705	376
3905	-1548
4105	506
4305	-1101
4505	-3630
4705	-380
4905	210
5105	-4560
106	-7763
306	460
506	-2220
706	432
906	-985
1106	-3118
1306	-1811
1506	-1946
1706	-9063
1906	-5308
2106	-1047
2306	173
2506	32
2706	-851
2906	-502
3106	-587
3306	-3007
3506	-2784
3706	-2481
3906	-2302
4106	-2172
4306	138
4506	-1875
4706	209
4906	-790
5106	-3625
107	-1321
307	854
507	-609
907	217
1107	-1789
1307	-1069
1507	-4209
1707	-1237
1907	-853
2107	-4952
2307	435
2507	-18803
2707	92
2907	-811
3107	-2576
3307	-6645
3507	-1017
3707	-805
3907	-1737
4107	200
4307	-1965
4507	284
4707	-4922
4907	-1411
5107	-1741
108	-3547
308	630
508	514
708	-2128
908	194
1108	-1847
1308	146
1508	-350
1708	-1003
1908	255
2108	-805
2308	515
2508	-8317
2708	-1140
2908	-2177
3108	-353
3308	-876
3508	746
3708	-1194
3908	-400
4108	109
4308	-5835
4508	-919
4708	-1296
4908	-1103
5108	355
109	-2121
309	682
509	724
709	-1948
909	-2897
1109	-861
1309	-472
1509	561
1709	54
1909	181
2109	-99
2309	23
2509	-5348
2709	-874
2909	244
3109	566
3309	-568
3509	-74
3709	445
3909	-1697
4109	-300
4309	-2139
4509	1250
4709	62
4909	-1050
5109	-17
110	-8420
310	-2817
510	316
710	-179
910	-7166
1110	922
1310	229
1510	-3608
1710	-283
1910	-4206
2110	389
2310	-278
2510	-2417
2710	-1996
2910	478
3110	635
3310	-53
3510	-1410
3710	-402
3910	-5175
4110	-3197
4310	241
4510	546
4710	193
4910	-3400
5110	-2676
111	-1916
311	-38
711	-2581
911	339
1311	-429
1511	-3529
1711	-1680
1911	905
2111	-1009
2311	-684
2511	-321
2711	-12495
2911	266
3111	-53
3311	-4233
3511	-776
3711	508
3911	-1405
4111	147
4311	-2775
4511	-1319
4711	396
4911	-1018
5111	516
112	-936
312	9
512	-1096
712	144
912	-705
1112	-900
1312	-1786
1512	-2431
1712	428
1912	-1989
2112	-1382
2312	-151
2512	-770
2712	-188
2912	74
3112	-1971
3312	29
3512	471
3712	-325
3912	405
4112	-4184
4312	741
4512	219
4712	-674
4912	172
5112	-2506
113	-22595
313	-1253
513	-755
713	-4569
913	-4699
1113	-19546
1313	-6888
1513	-2668
1713	-656
1913	-9147
2113	666
2313	-542
2513	-1430
2913	-870
3113	-368
3313	-874
3513	-1538
3713	-25
3913	-7118
4113	-4676
4313	-9463
4513	-977
4713	-1091
4913	564
5113	-3809
114	-15867
314	462
514	-137
714	-713
914	-2629
1114	-31598
1314	181
1514	-685
1714	-1410
1914	-3331
2114	-80
2314	-1210
2514	-11859
2714	-2144
3114	-301
3314	-3428
3514	-140
3714	-1630
3914	-1823
4114	-3058
4314	-3716
4514	449
4714	754
4914	-28
5114	-2839
115	340
315	558
515	-958
715	-81
915	-1964
1115	-358
1315	149
1515	-2560
1715	214
1915	-2948
2115	160
2315	529
2515	-2453
2715	-1887
2915	73
3115	-5971
3315	-1376
3515	213
3715	182
3915	-4092
4115	-7358
4315	-1543
4515	-312
4715	388
4915	205
5115	-1050
116	-3724
316	549
516	-397
716	-1739
916	-1496
1116	-538
1516	-2849
1716	-1538
1916	-1381
2116	-373
2316	69
2516	-13068
2716	-1498
2916	-2326
3116	-1238
3316	-612
3516	-1164
3716	-90
3916	-2025
4116	-1569
4316	-1128
4716	-535
4916	-1109
5116	-75
117	-6989
317	804
517	178
717	-16
917	-876
1117	-661
1317	926
1517	-1913
1717	554
1917	-1685
2117	256
2317	157
2517	-838
2717	-522
2917	-6541
3117	-677
3317	-293
3517	-905
3717	107
3917	-6001
4117	-894
4317	197
4517	92
4717	-15515
4917	-1971
5117	-1890
118	71
318	972
518	-4488
718	-210
918	-5111
1118	-1662
1318	-1360
1518	-2877
1718	-171
1918	-33041
2118	1977
2318	253
2518	-2637
2718	470
2918	-292
3118	419
3318	-913
3518	-16565
3718	-1182
3918	-5460
4118	-8046
4318	-773
4518	-8008
4718	-492
4918	805
5118	305
119	-2486
319	-705
519	622
719	-172
919	-3699
1119	-909
1319	-3112
1519	434
1719	-11865
2119	-1162
2319	-635
2519	-2328
2719	-4667
2919	-7284
3319	-926
3519	-710
3719	-919
3919	-679
4119	-1050
4319	365
4519	338
4719	101
4919	-602
5119	-356
120	-1963
320	259
520	440
920	-2198
1120	-1080
1320	-142
1520	-36615
1720	-897
1920	104
2120	272
2320	-60
2520	-380
2720	-27951
2920	-1211
3120	-1281
3320	-3056
3520	-3800
3920	-9056
4120	-1229
4320	-647
4520	1481
4720	-1708
4920	12
5120	-53
121	-4221
321	-575
521	476
721	300
1121	501
1321	-354
1521	-2682
1721	-1289
1921	-1652
2121	-2311
2321	-446
2521	-627
2721	-388
2921	-1530
3121	-744
3321	-239
3521	-1812
3721	-3388
3921	-2628
4121	74
4321	-3747
4521	-3070
4721	-4522
4921	472
5121	-1939
122	-2576
322	360
522	-752
722	481
922	-801
1122	-796
1322	-1147
1522	-1131
1722	-4639
1922	79
2122	-3314
2322	22
2522	-8471
2722	-1085
2922	-23813
3122	362
3322	-522
3522	-1789
3722	-122
3922	-1121
4122	-93
4322	197
4522	210
4722	442
4922	-793
5122	-238
123	-2561
323	339
523	-1061
723	299
923	-287
1123	-477
1323	182
1523	178
1723	-678
1923	-9792
2123	-1784
2323	-852
2523	-7217
2723	469
2923	-1309
3123	113
3323	-1920
3523	-3132
3723	299
3923	-2024
4123	-1258
4323	263
4523	317
4723	-3193
4923	52
5123	-3033
124	-5602
324	678
524	-405
724	-373
924	842
1124	-77
1324	-472
1524	-1343
1724	-3950
1924	284
2124	-3737
2324	-8102
2524	-2893
2724	-1160
2924	-2106
3124	-369
3324	-184
3524	-82
3724	-570
3924	294
4124	-1511
4324	-8
4524	-1573
4724	-2760
4924	-827
5124	469
125	-7309
325	-231
525	-2267
725	-1939
925	-399
1125	-1356
1325	352
1525	-482
1725	-10023
1925	-1778
2125	-2797
2325	-275
2525	-203
2725	796
2925	-204
3125	633
3325	-114
3525	-5059
3725	224
3925	-2515
4125	-295
4325	-1430
4525	-2081
4725	-4109
4925	-7477
5125	-120
126	-3909
326	90
526	-6734
726	-2422
926	-4236
1126	304
1326	-391
1526	-418
1726	-35
1926	-91
2126	-525
2326	-366
2526	520
2726	643
2926	-1264
3126	-2335
3326	-113
3526	-167
3726	21
3926	-10982
4126	-378
4326	-379
4526	-42
4726	781
4926	-1356
5126	-514
127	-2640
327	899
527	-586
727	-1820
927	1227
1127	58
1327	-5166
1527	-1327
1727	259
1927	-5788
2127	-813
2327	-992
2527	-1056
2727	819
2927	-27
3327	-459
3527	-1224
3727	-2292
3927	-13946
4127	46
4327	136
4527	-7164
4727	-3164
4927	-2046
5127	-3008
128	-1827
328	880
528	-6259
728	-11603
928	-497
1128	-725
1328	-2365
1528	-12818
1728	683
1928	-1286
2128	-1162
2328	-9051
2528	-2387
2728	450
2928	-4352
3328	-2173
3528	-1286
3728	-87
3928	-2666
4128	-1547
4328	-3370
4528	510
4728	-608
4928	-464
5128	68
129	-4153
329	273
529	-2096
729	-205
929	-4118
1129	-7369
1329	-2097
1529	-1932
1729	224
1929	420
2129	-2269
2329	-535
2529	302
2729	844
2929	-804
3129	-29856
3329	-229
3529	152
3729	-4248
3929	-1504
4129	-2598
4329	-768
4529	-1369
4729	-1205
4929	104
5129	548
130	-1446
330	1046
730	-884
930	-1450
1130	-1317
1330	-1298
1530	-3014
1730	-292
1930	-1735
2130	-373
2330	-573
2530	-633
2730	346
2930	-4570
3130	231
3330	448
3530	27
3730	-1716
3930	-5089
4130	827
4330	-1975
4530	-5086
4730	-3616
4930	-1313
5130	185
131	-5569
331	771
531	-2447
731	-64
931	178
1131	-1641
1331	-523
1531	444
1731	-5289
1931	-4113
2131	-541
2331	-2652
2531	-99
2731	-134
2931	-9339
3131	-23630
3331	-53
3531	-1231
3731	-7382
3931	-28339
4131	-355
4331	-4160
4531	-72
4731	-1045
4931	-176
5131	871
132	-3029
332	183
532	-1551
732	-1361
932	-4386
1132	-432
1332	-962
1532	-37
1732	-840
1932	148
2132	-4082
2332	-1155
2532	-231
2732	564
2932	-4446
3132	554
3332	-2114
3532	424
3732	-1
3932	-570
4132	-2461
4332	-1118
4532	-2736
4732	-983
4932	229
5132	-2373
133	-4065
533	-1527
733	-1064
933	-5759
1133	-1074
1333	-516
1533	-629
1733	189
1933	-12901
2133	135
2333	-1590
2533	-2789
2733	136
2933	-1079
3133	-2907
3333	-2410
3533	12
3733	-1658
3933	-5257
4333	-4135
4533	-1854
4733	-1410
4933	-10736
5133	-169
134	-14798
534	-5161
734	723
934	-1499
1134	-622
1334	-1516
1534	248
1734	-746
2134	-202
2334	-5605
2534	-858
2734	-58
2934	-1901
3134	-795
3334	-110
3534	-2347
3734	-13905
3934	-656
4134	-1807
4334	-23
4534	-3010
4734	-3073
4934	-5052
5134	-315
135	-8222
335	1135
535	-2443
735	-1392
935	-725
1135	-10676
1335	-299
1535	-13388
1735	701
1935	-2041
2135	-717
2335	-1004
2535	-10298
2735	-4052
2935	-827
3135	-2934
3335	-146
3535	-274
3735	-838
3935	-1706
4135	-5723
4335	-1901
4535	-1375
4735	539
4935	-4967
5135	274
136	-878
336	-207
536	-3966
736	-165
936	-753
1136	-1636
1336	331
1536	-1213
1736	-8487
1936	1051
2136	-1666
2336	-4623
2536	-60
2736	-52
2936	-544
3136	-2336
3336	-321
3536	-2007
3736	-4617
3936	-504
4136	-2232
4336	-3483
4536	-8811
4736	-3625
4936	-1523
5136	278
137	-1336
337	-2434
537	-4974
737	-145
937	-6447
1137	-36666
1337	89
1537	-1643
1737	-415
1937	-4479
2137	-2680
2337	-5742
2537	-163
2737	514
2937	-902
3137	-1490
3337	-4828
3537	50
3737	679
3937	-13690
4137	-3656
4337	-6067
4537	-2906
4737	-2697
5137	-1951
138	-2507
338	-8549
538	-484
738	-837
938	-122
1138	364
1338	-1783
1538	-9901
1938	-1724
2138	-633
2538	-1663
2738	-603
2938	126
3138	-3309
3338	360
3538	26
3738	6
3938	-2517
4138	-1265
4338	-79
4538	-544
4738	-4433
4938	166
5138	-523
139	217
339	-15407
539	-1193
739	-1837
939	-1305
1139	-5985
1339	-689
1539	-2360
1739	-1352
1939	-2467
2139	-882
2339	355
2539	-533
2739	-2623
2939	-2109
3139	-214
3339	157
3539	-721
3739	341
3939	-2109
4139	-15744
4339	-4042
4539	-4103
4739	234
4939	-3842
5139	732
140	-1761
340	-4282
540	-760
740	189
940	-428
1140	-39
1340	-586
1540	-847
1740	-107
1940	-1435
2140	-969
2340	751
2540	-1776
2740	1473
2940	-5247
3140	-2941
3340	479
3540	-4612
3740	-600
3940	-5223
4140	496
4340	-2384
4540	-378
4740	-845
4940	470
5140	-2455
141	123
341	-3305
541	-2107
741	-1419
941	-3877
1141	407
1341	-228
1541	-673
1741	884
1941	-1819
2141	-3921
2341	-566
2541	-1007
2741	786
2941	-1881
3141	-4789
3341	330
3541	-2250
3741	414
3941	-8110
4141	-1353
4341	-935
4541	-6277
4741	-2492
4941	-875
5141	-528
142	-1693
542	-2240
742	-19
942	-893
1142	-2016
1342	-486
1542	-63
1742	-212
1942	-44
2142	-9158
2342	288
2542	-4532
2742	-524
2942	-3635
3142	-2728
3342	-189
3542	-775
3742	123
3942	-1077
4142	285
4342	-2126
4542	-992
4742	-1427
4942	961
5142	-2759
143	-2976
343	-9005
543	-14159
743	-27
943	155
1143	663
1343	-4284
1543	-1456
1743	-149
1943	-8008
2143	-3305
2343	384
2543	-1753
2743	517
2943	-5576
3143	-658
3343	-188
3543	-305
3743	-887
3943	-3738
4143	-1257
4343	-1479
4543	-270
4743	111
4943	-902
5143	-9550
144	-1338
344	676
544	-2851
744	119
944	-2995
1144	-1141
1344	-2067
1544	-2399
1744	367
1944	-2488
2144	-1633
2344	-1106
2544	-9696
2744	-4503
2944	-1640
3144	-3968
3344	-1309
3544	-648
3744	404
3944	241
4144	1001
4344	-11890
4544	-4150
4744	-523
5144	-1540
145	-849
345	-1962
545	-314
745	-669
945	-909
1145	-170
1345	290
1545	-5224
1745	753
1945	-2423
2145	-1514
2345	-729
2545	-2089
2745	506
2945	53
3145	-686
3345	-1722
3545	357
3745	436
3945	-7324
4145	-2286
4345	-233
4545	-2347
4745	-74
4945	-1121
146	-1388
346	-1689
546	721
746	310
946	271
1146	-602
1346	-1919
1546	-4972
1746	-5795
1946	309
2146	-942
2346	-2077
2546	-904
2746	504
2946	-6170
3146	-3895
3346	-609
3546	-2216
3746	-495
3946	-2572
4146	-324
4346	236
4746	147
4946	205
5146	364
147	-3152
547	-5519
747	703
947	-2368
1147	-2248
1347	1016
1547	-74
1747	-35
1947	-651
2147	-1400
2347	-46
2547	-4610
2747	-324
2947	4
3147	-2700
3347	-5388
3547	-3197
3747	-1803
3947	-3479
4147	272
4347	-2672
4547	-3680
4747	-426
4947	-427
5147	338
148	-1298
348	-2093
548	-2695
748	-1354
948	37
1148	-5818
1348	-205
1548	-2313
1748	-2007
1948	401
2148	-664
2348	-494
2548	-778
2748	-251
2948	-3890
3148	-4629
3348	320
3548	-3829
3748	-7429
3948	-1116
4148	-708
4348	199
4548	-4039
4748	-37
4948	-1099
5148	-2908
149	122
349	-6971
549	-2583
749	656
949	-334
1149	-287
1349	-2334
1549	61
1749	-292
1949	-466
2149	-2430
2349	-78
2549	-2111
2749	-2770
2949	-1239
3149	-1711
3349	391
3549	-13515
3749	-65
3949	-943
4349	-2121
4549	-2424
4949	-2512
5149	-2620
150	-2663
350	-2478
550	-6441
750	-954
950	-6483
1150	-1373
1350	-5462
1550	-6275
1750	-2919
1950	-29084
2150	1179
2350	-2584
2550	-2068
2750	-1293
2950	332
3150	-4969
3350	192
3550	-1337
3750	1074
3950	-6883
4150	571
4350	-3584
4550	23
4750	-2425
4950	-1541
5150	-1992
151	-1354
351	-13437
551	-2695
751	-957
951	-3220
1151	-2579
1351	-8370
1551	-1125
1751	-2917
1951	-785
2151	-1773
2551	-4907
2751	-1218
2951	-288
3351	153
3551	-611
3751	-1995
3951	-316
4151	-154
4351	-2160
4551	-1285
4751	-2393
4951	-2153
5151	-681
352	-17742
552	-1319
752	14
952	-1408
1152	232
1352	-1684
1552	289
1752	-1020
1952	-1958
2152	-1075
2352	-471
2552	-2974
2752	-2403
2952	-3618
3152	-1974
3352	-414
3552	499
3752	-2120
3952	-2678
4152	-2138
4352	-7511
4552	-3044
4752	-2260
4952	-1014
5152	-4551
153	642
353	470
553	-1212
753	-110
953	268
1153	-178
1353	-1127
1553	-987
1753	541
1953	542
2153	-5793
2353	-1039
2553	-1277
2753	706
2953	-2469
3153	-3746
3353	-1171
3553	-3659
3753	-1307
3953	-2663
4153	-2534
4353	-286
4553	-3297
4753	-80
4953	-2
5153	-2578
154	-1938
354	-1897
554	-5652
754	-2875
954	-2583
1154	-2395
1354	-4621
1554	-1741
1754	-35713
1954	-40
2154	-3149
2354	667
2554	-3965
2754	-1850
2954	-2056
3154	-1722
3354	-29
3754	-3335
3954	-3416
4354	-4845
4554	-6992
4754	-455
4954	-1435
5154	-4119
155	608
355	-333
555	874
755	235
955	-569
1155	-21132
1355	-6522
1555	-2980
1755	-1399
1955	31
2155	-1606
2355	-37
2555	-213
2755	-3335
2955	-5989
3155	-2551
3355	491
3555	-37
3755	140
3955	-4678
4355	-803
4555	-1505
4955	-1289
5155	-1063
156	1045
356	171
556	-6529
756	-507
956	-26013
1156	-197
1356	-7435
1556	-1429
1756	-112
1956	-7912
2156	-1451
2356	270
2556	-1246
2756	469
2956	-8188
3156	488
3356	-1226
3556	556
3756	-6
3956	-1629
4156	-480
4356	-295
4556	260
4756	269
4956	-208
5156	-10
157	455
357	-69
557	-1162
757	341
957	-2658
1157	-2414
1357	-16136
1557	-2148
1757	-5448
1957	-1071
2157	-2731
2357	-461
2557	-21325
2757	-422
2957	-2860
3157	-536
3357	137
3757	-1300
3957	-1068
4157	-2620
4357	-672
4557	-443
4757	-369
4957	-1231
5157	-223
158	-3346
358	-1311
558	-1076
758	-4516
958	-2310
1158	-1974
1358	-1842
1558	-1567
1758	-1933
1958	-6
2158	-3038
2358	745
2558	-29322
2758	291
3158	-2924
3358	-2956
3558	-2337
3758	399
3958	-9933
4158	-3798
4358	-486
4558	-1756
4758	-335
4958	159
5158	-11374
159	-841
359	-1848
559	-3108
759	-903
959	-2404
1159	-2283
1359	-7286
1559	-1098
1759	-6337
1959	-10138
2159	-1464
2359	332
2559	-3659
2759	292
2959	-5009
3159	-1182
3359	-28
3559	-1961
3759	128
3959	-4518
4359	-1256
4559	-2337
4759	-974
4959	-594
5159	-2862
160	-310
560	-1431
760	480
960	-1409
1160	-908
1360	-1053
1560	-2590
1760	-3923
1960	-1551
2160	-1639
2360	367
2560	-99
2760	642
2960	-1793
3160	173
3360	-2958
3560	-2088
3760	-152
3960	-1040
4160	-5302
4360	-2292
4560	-3956
4760	381
4960	-670
5160	-2208
161	-8968
361	-2257
561	-838
761	-914
961	-2597
1161	-2750
1361	-2260
1561	-300
1761	-857
1961	-831
2161	-2553
2361	187
2561	-30054
2761	729
2961	302
3161	-887
3361	-1202
3561	-861
3761	1294
3961	-1985
4161	-6300
4361	-2330
4561	-1884
4761	-54
4961	151
5161	-4325
162	-1061
362	-8534
562	-117
762	-4308
962	-3775
1162	69
1362	-3252
1562	-1354
1762	-5135
1962	372
2162	-2923
2362	159
2562	9
2762	-2974
2962	-296
3162	-406
3362	-816
3562	-19
3762	-9459
3962	407
4162	-1753
4362	307
4562	-1456
4762	361
4962	-2633
5162	337
163	832
363	-3142
563	389
763	-176
963	-1795
1163	-619
1363	-928
1563	-3071
1763	-2694
1963	-1508
2163	-3426
2363	1529
2563	10
2963	-67
3163	-361
3363	477
3563	-2470
3763	-2990
3963	-770
4163	-9195
4363	19
4563	-3705
4763	400
4963	-994
164	-762
364	-2259
564	-51
764	163
964	-2214
1164	-861
1364	-406
1564	-250
1764	-1492
1964	223
2164	-237
2364	-159
2564	-1242
2764	-1691
2964	389
3164	-919
3364	-403
3564	-824
3764	-1052
3964	-2710
4164	29
4364	-33221
4564	-2069
4764	-1641
4964	282
5164	-1296
165	-711
565	-527
765	181
965	-6975
1165	-714
1365	-764
1565	644
1765	-3233
1965	-99
2165	-2518
2365	-177
2565	-31971
2765	478
2965	521
3165	-1947
3365	-1463
3565	-5474
3765	-367
3965	-1031
4165	662
4365	554
4565	-3508
4765	-4511
4965	-2089
5165	-6946
166	-442
366	-4669
566	-7831
766	-595
966	-3771
1166	965
1366	-7857
1566	859
1766	-2352
1966	-1733
2166	-1358
2366	752
2566	-819
2766	781
2966	-1145
3166	-532
3366	-1366
3566	-360
3766	346
3966	-4349
4166	-11196
4366	-707
4566	544
4766	-9587
4966	674
5166	-3479
167	-3593
367	-6246
567	-199
767	-423
967	-3124
1167	197
1367	-2188
1567	-3068
1767	45
1967	-7627
2167	-1811
2367	501
2567	-2317
2767	1037
2967	-1027
3167	-9317
3367	116
3567	-73
3767	691
3967	-1353
4167	-1131
4367	311
4567	-3590
4767	-926
4967	-662
5167	-2291
168	-9298
368	-6660
568	-2030
768	-963
968	201
1168	45
1368	-3053
1568	-637
1768	-1193
1968	-1537
2168	392
2368	524
2568	-3391
2768	425
2968	-1469
3168	-2641
3368	-475
3568	-428
3768	561
3968	-689
4168	-280
4368	-2049
4568	-79
4768	292
4968	95
5168	-1874
169	-2838
369	-587
569	-1742
769	-719
1169	-10991
1369	-8179
1569	-278
1769	-6051
1969	171
2169	-2859
2369	-1699
2569	-1088
2769	-1023
2969	-3400
3169	-1371
3369	151
3569	-66
3769	-1239
3969	265
4169	-2897
4369	-11564
4569	-809
4769	-1595
4969	-1000
5169	-310
170	-728
370	66
570	-2805
770	-1712
970	-1406
1170	-4574
1370	-3476
1570	-179
1770	-3402
1970	-555
2170	-2010
2370	-4069
2570	92
2770	-1225
2970	-1055
3170	563
3370	-641
3570	947
3770	-30215
3970	-309
4170	269
4370	-3956
4570	-2318
4770	23
4970	378
5170	-1942
171	-8477
371	-7553
571	426
771	-391
971	-2128
1171	-459
1371	-3295
1571	-4230
1771	-4946
1971	-209
2171	-4293
2571	27
2771	1321
2971	-6511
3171	-10472
3371	-139
3571	615
3771	-4880
3971	-12634
4171	-2256
4371	-929
4571	-9247
4771	621
4971	-1554
5171	-2815
172	263
372	-1589
572	-959
772	-1423
972	-1660
1172	152
1372	313
1572	168
1772	-432
1972	-1680
2172	-793
2372	-397
2572	-1592
2772	319
2972	-3008
3172	127
3372	485
3572	250
3772	930
3972	-3429
4172	-1126
4372	-1044
4572	-1526
4772	-2666
4972	-57
5172	-3903
173	275
373	1357
573	-564
773	-182
973	-17398
1173	-449
1373	-1110
1573	772
1773	-1914
2173	-2612
2373	391
2573	-422
2773	-8402
2973	694
3173	-2103
3373	58
3573	-15707
3773	151
3973	582
4173	-5043
4373	112
4573	-3574
4773	-1369
4973	106
5173	-2252
174	-128
374	61
574	-3753
774	-4813
974	312
1174	-2927
1374	-1081
1574	-17
1774	-413
1974	-107
2174	-1026
2374	416
2574	-7247
2774	752
2974	-3245
3174	-687
3374	-584
3574	-10054
3774	-1269
3974	-1310
4174	-1577
4374	-1454
4574	-2898
4774	-299
4974	-743
5174	-2838
175	274
375	-265
575	-22180
775	436
975	-12456
1175	-1671
1375	-4520
1575	-1703
1775	-2086
1975	-3221
2175	-943
2375	-4163
2575	167
2775	-1646
2975	1048
3175	225
3375	-717
3575	-16904
3775	716
3975	368
4175	-2713
4375	-1649
4575	-4400
4975	444
5175	-13
176	-1369
376	-646
576	-42073
776	128
976	-440
1176	662
1376	-8468
1576	625
1976	-7042
2176	-2814
2376	821
2576	-5072
2976	527
3176	-2400
3376	-33882
3576	-14161
3776	-281
3976	604
4176	-2555
4376	-854
4576	-8561
4776	-2215
4976	-35
5176	-349
177	-3875
377	-2411
577	-3086
977	-1647
1177	-245
1377	-2594
1577	-2290
1777	-7613
1977	-2134
2177	-1628
2377	-190
2577	-563
2777	191
2977	412
3177	-1259
3377	-34703
3577	-15845
3777	94
3977	323
4177	-4149
4377	-2605
4577	-4756
4777	-2160
4977	429
5177	-2143
178	170
378	142
578	-3471
778	-275
978	-891
1178	-46
1378	-15881
1578	1421
1778	-7965
2178	-2196
2378	-4404
2578	249
2778	-1199
2978	208
3178	34
3378	-368
3578	-3897
3778	62
3978	-255
4178	-2833
4378	875
4578	-6177
4778	385
4978	121
5178	-6983
179	-5025
379	-1300
579	-6484
779	142
979	76
1179	-38
1379	-3977
1579	-3403
1779	-1362
1979	347
2179	-3814
2379	-346
2579	-454
2779	417
2979	353
3179	164
3379	446
3579	-2031
3779	605
3979	-1604
4179	-1992
4379	-6313
4579	-1448
4779	-5013
4979	-82
5179	-6952
180	-6541
380	-697
580	770
980	-1519
1180	-4683
1380	-2237
1580	952
2180	-1226
2380	344
2580	-820
2780	265
2980	-530
3180	314
3380	823
3780	-625
3980	274
4180	-488
4380	741
4580	-2074
4780	289
181	-4019
381	-2725
581	-1511
781	111
981	-120
1181	-3959
1381	-4389
1581	-1765
1781	-6071
2181	-3818
2381	-1075
2581	127
2781	-461
2981	-2518
3181	-1232
3381	-517
3581	-316
3781	-1636
3981	-81
4181	-5249
4381	-1084
4781	-4892
4981	-25278
5181	-258
182	-1543
382	-118
582	-1345
982	-6281
1182	-203
1582	-1333
1782	-35052
1982	-11783
2182	-5582
2582	422
2782	1789
2982	-1238
3182	601
3382	159
3582	-5064
3782	104
3982	-1425
4182	-7518
4582	-1806
4782	-2833
5182	-556
183	-1438
383	-1275
583	-1411
783	-2143
983	-2544
1183	-553
1383	-2267
1583	-2362
1783	-3334
1983	-205
2183	-84
2383	607
2583	-786
2783	-2395
2983	-2405
3183	420
3383	-1930
3583	-9063
3783	379
3983	-1856
4183	-1659
4383	-498
4583	-7154
4783	-1312
4983	354
184	-688
384	-2586
584	-290
784	107
984	-340
1184	-1120
1384	-2744
1584	-1010
1784	-4086
1984	-2251
2184	-594
2384	552
2584	448
2784	-3247
2984	-1593
3184	-4812
3384	205
3584	1542
3784	-621
3984	-1536
4184	-123
4384	175
4584	-3931
4784	-2795
4984	-1905
5184	-1291
185	-2695
385	-15170
585	425
985	-824
1185	-3335
1385	681
1585	-3344
1785	-19
1985	566
2185	-2142
2385	370
2585	-1373
2785	-5642
2985	-1570
3185	-1322
3385	143
3585	150
3785	-1689
3985	-687
4185	-1376
4385	-501
4585	-186
4785	318
4985	-1438
5185	-2165
186	-13405
386	220
586	-696
786	-75
986	-5521
1186	-4626
1586	-1987
1786	-443
1986	-804
2186	-437
2386	-101
2586	446
2786	-6444
2986	-1612
3186	-849
3386	-76
3586	-11727
3786	-1174
3986	713
4186	55
4386	235
4586	-559
4786	-793
4986	-3549
5186	-2677
187	-557
387	-2736
587	-494
787	345
987	-1558
1187	-1419
1387	920
1587	371
1987	692
2187	-3141
2387	947
2587	527
2787	-1469
2987	740
3187	-309
3387	423
3587	-92
3787	-1269
3987	-411
4187	-5216
4587	498
4787	-5849
4987	-3228
5187	183
188	-1230
388	-237
588	-323
788	-2740
988	-1623
1188	-2730
1388	-31872
1788	-17
1988	-4214
2188	-1583
2388	-3974
2588	-33585
2788	-1025
2988	-1481
3188	-37
3388	-1321
3588	-1166
3788	367
3988	767
4188	-2947
4388	-243
4588	-2161
4788	-1084
4988	-4786
5188	-3008
189	-6759
389	2
589	-1024
789	-75
989	-3596
1189	-3871
1389	-4163
1589	-2545
1789	-49
1989	-8996
2189	-1462
2389	-4322
2589	58
2789	-1733
2989	-359
3189	-1724
3389	-102
3589	-117
3789	-6726
3989	-508
4189	1339
4389	-34446
4589	-4555
4789	-2131
4989	-638
5189	-93
190	-6442
390	-601
590	-855
790	215
990	-739
1190	-2367
1390	-6488
1590	-80
1790	-16352
1990	-775
2190	-828
2390	97
2590	-1020
2790	523
2990	-2668
3190	-914
3390	360
3590	-850
3790	-193
3990	259
4190	-6523
4390	-863
4590	-14472
4790	-474
4990	-7061
5190	-10
191	-1548
391	66
591	-3497
791	-149
991	-1726
1191	228
1391	-256
1591	262
1791	-50
1991	-530
2191	-257
2391	60
2591	-1594
2791	-2375
2991	-1189
3191	126
3391	-889
3591	-5457
3791	-193
3991	-2972
4191	60
4391	-1285
4591	-2011
4791	-237
4991	-1857
5191	-325
192	-1004
392	210
592	-807
792	-1079
992	-192
1192	-1465
1392	-18451
1592	342
1992	-2345
2192	-807
2392	313
2592	110
2792	259
2992	-1708
3192	921
3392	-134
3592	187
3792	453
3992	-8258
4192	-411
4392	587
4592	-628
4992	-717
5192	763
193	-718
393	-561
593	-262
793	713
993	-2115
1193	-1767
1393	-3468
1593	-1223
1793	125
1993	735
2193	441
2393	-2105
2593	63
2793	-1404
2993	1314
3193	-1353
3393	-1637
3593	-4430
3793	124
3993	-6369
4193	-2262
4393	-94
4593	1164
4793	-4295
4993	-11579
5193	323
194	-2404
394	-5485
594	-1786
994	-146
1194	-1279
1394	-3609
1594	-817
1794	-1508
1994	-4716
2194	-59
2594	351
2794	547
2994	753
3194	659
3394	-31196
3594	-815
3794	-1662
3994	-3787
4194	-926
4394	-3366
4594	-1249
4794	-148
4994	-29215
5194	-310
195	-2814
595	-1107
795	-3229
995	-20477
1195	444
1395	-1067
1595	-3789
1795	-101
1995	-1191
2195	654
2395	-517
2595	-1384
2795	-620
2995	-2179
3195	-691
3395	-355
3595	924
3795	413
3995	591
4395	273
4595	-79
4795	-3092
4995	-16724
5195	-1057
196	-1306
396	-457
596	58
996	-2174
1196	-21090
1396	-2466
1596	-1601
1796	-3
1996	508
2196	-1421
2396	847
2596	-1029
2796	689
2996	-4320
3196	-833
3396	191
3596	-1664
3796	-17680
3996	-2152
4196	-9198
4396	-277
4596	-363
4796	-1919
4996	774
5196	-108
197	-3708
397	1000
597	-3463
797	-2415
997	112
1197	-782
1397	-1910
1597	-1187
1997	359
2197	-681
2397	-1133
2597	-886
2797	-1104
2997	-882
3197	-1481
3397	-3872
3597	180
3797	-815
3997	-73
4197	-1380
4397	-7487
4597	-1741
4797	207
4997	377
5197	-3470
198	-3119
398	818
598	-217
798	499
998	-1391
1198	-247
1398	-34
1598	149
1798	-198
1998	568
2198	-1242
2398	-179
2598	-734
2798	-3802
2998	-453
3198	-949
3398	-4401
3598	-620
3798	1242
3998	330
4198	-5518
4398	-8942
4598	-4437
4798	-62
4998	-1512
5198	362
199	-3393
399	201
599	686
799	103
999	-3356
1199	-269
1399	-1954
1599	325
1799	-742
1999	383
2199	-230
2399	-894
2599	-602
2799	734
2999	-3872
3199	-1126
3399	-8482
3599	-507
3799	-708
3999	-9410
4199	-728
4399	-2189
4599	-1515
4799	-318
4999	-4213
5199	328
0	2768
200	299
400	329
600	-840
800	-1872
1000	-4274
1200	-664
1600	-2485
1800	-3299
2000	-310
2200	-907
2400	-4646
2600	627
2800	2
3000	478
3200	-1554
3400	-5412
3600	528
3800	-1061
4000	-144
4200	-363
4400	-5735
4600	-748
4800	556
5000	-3095
5200	-3735
1	-9986
201	-2355
401	321
601	-642
801	480
1001	-8530
1201	-4510
1401	-1901
1601	-2695
1801	-2655
2001	338
2201	-6292
2401	358
2601	-5752
2801	1329
3001	-897
3201	-451
3401	-6365
3601	-208
3801	-2245
4001	165
4201	-7372
4401	-4834
4601	-6581
4801	346
5001	-740
5201	-762
2	-4653
202	540
402	446
602	-420
802	-186
1002	-6057
1202	467
1402	321
1602	-4266
1802	-915
2002	-7462
2202	-765
2402	-387
2602	348
2802	-18571
3002	-2120
3202	-1730
3402	646
3602	-1330
3802	-604
4002	-1471
4202	-5677
4402	-7332
4602	-242
4802	507
5002	-5222
5202	-780
3	-4519
203	-1444
403	573
603	-2598
803	-451
1003	6
1203	214
1403	-1250
1603	-2912
1803	-1918
2003	-15
2203	-2006
2403	-1542
2603	-29380
2803	-185
3003	289
3403	-31808
3603	-2164
3803	-903
4003	-2070
4203	313
4403	544
4603	-992
4803	28
5003	-258
5203	-1946
4	-2585
204	-14777
404	940
604	285
804	-357
1004	303
1204	-638
1404	-34782
1604	-245
1804	491
2004	494
2204	-3591
2404	365
2604	-183
2804	801
3004	-3982
3204	-575
3404	-2792
3604	188
3804	564
4004	53
4204	-4485
4404	-1251
4604	-10729
4804	-1269
5004	515
5204	24
5	-4179
205	-769
405	-857
605	-2397
805	324
1005	-1063
1205	416
1405	-5893
1605	-1650
1805	560
2005	675
2205	-2024
2405	-31
2605	-110
2805	-2727
3005	-1106
3205	-7308
3405	-1469
3605	-51
3805	-1039
4005	-968
4205	-92
4405	-5452
4605	-486
4805	-1529
5005	-6744
5205	492
6	-3657
206	-280
406	707
606	-3386
806	-674
1006	-84
1206	-356
1406	-4048
1606	-390
1806	-40
2006	-2362
2206	-2299
2406	1025
2606	-26678
2806	-1743
3006	-2439
3206	-4208
3406	-3495
3606	-5532
3806	-154
4006	-4429
4206	-3164
4406	-1377
4606	-1401
4806	-4749
5006	-3539
5206	-1632
7	-1757
207	-1646
407	262
607	172
807	-7680
1007	-2589
1207	309
1407	64
1607	-1572
1807	-4463
2007	-427
2207	-1046
2407	-3729
2607	-1996
2807	-214
3007	-1724
3207	16
3607	455
3807	202
4207	-1572
4407	-4392
4607	-596
4807	-307
5007	-1245
5207	-2894
8	-793
208	-3291
408	186
608	-1673
808	205
1008	-892
1208	-669
1408	-1179
1608	-3535
1808	-36220
2008	-452
2208	-1215
2408	-821
2608	-31447
2808	-81
3008	680
3408	207
3608	536
3808	-1141
4008	-2791
4208	-2655
4408	-6748
4608	-946
4808	-731
5008	-1907
9	-2858
209	-1240
409	237
609	-921
809	-1103
1009	-534
1209	334
1409	-5014
1609	-12002
1809	-35488
2009	-34202
2209	635
2609	137
2809	516
3009	128
3209	-776
3409	-31485
3609	444
3809	-398
4009	-1653
4209	42
4409	-34
4609	-939
5009	-1523
5209	-126
10	-4775
210	-3842
410	310
610	318
810	475
1010	-3865
1210	-44
1410	-4083
1610	-737
1810	1537
2010	-407
2210	-2138
2410	-972
2610	-433
2810	-1035
3010	-5023
3210	-2976
3410	-838
3610	751
3810	104
4010	654
4210	-21042
4410	-2446
4610	-2011
4810	-757
5010	695
5210	-338
11	-7524
211	-1166
411	-1931
611	-890
811	-453
1011	-2476
1211	-208
1411	-1940
1611	616
1811	-1749
2011	-3663
2211	-3266
2411	-988
2611	-570
2811	-4641
3011	-1260
3211	-800
3411	-606
3611	-3928
3811	76
4011	-7719
4211	-2269
4411	-507
4611	608
4811	-765
5011	-2214
5211	-1413
12	-1253
212	272
612	-1913
812	-1025
1012	-2298
1212	-2882
1412	-3913
1612	-451
1812	-150
2012	720
2212	-2460
2412	-7666
2612	141
2812	-2308
3012	-725
3212	-578
3412	-2167
3612	-5683
3812	-867
4012	-380
4212	-2843
4412	-2069
4612	-2195
4812	-188
5012	-644
5212	293
13	-2510
213	-1210
413	-548
613	-1045
813	-839
1013	-4463
1213	447
1413	-932
1613	-661
1813	-608
2013	98
2213	-871
2413	-23179
2613	396
2813	-31208
3013	-2555
3213	146
3413	78
3613	-602
3813	91
4013	240
4213	-2630
4413	218
4613	127
4813	-6375
5013	-1782
14	-1702
214	-875
414	-22
614	-562
814	441
1014	-3406
1414	-56
1614	-4921
1814	-35239
2014	-10014
2214	596
2414	-847
2614	-623
2814	-1107
3014	819
3214	453
3414	252
3614	-232
3814	-3830
4014	457
4414	-3361
4614	201
4814	-1154
5014	-457
15	-308
215	-983
415	-13
615	-6676
815	-3243
1015	-285
1215	-110
1415	-1985
1615	-1361
1815	-2190
2015	-3223
2215	269
2615	-1211
2815	51
3015	-136
3215	-884
3415	-406
3615	-1119
3815	-1354
4015	-480
4215	-193
4415	-7870
4615	-2419
4815	264
5015	-696
5215	579
16	-916
216	66
416	346
616	-1434
816	-431
1016	-1043
1216	-2802
1416	-3609
1616	466
1816	-1785
2016	-587
2216	-694
2416	-4779
2616	-903
2816	-868
3016	-454
3216	-2939
3416	310
3616	-3908
3816	-796
4016	79
4216	126
4416	-2515
4616	-1252
4816	-1365
5016	809
17	-2133
217	99
417	-1574
617	-203
817	-561
1017	-2592
1217	-817
1417	-8605
1617	-33878
1817	-2211
2017	-321
2217	1246
2417	-1682
2617	-2021
2817	-2602
3017	-748
3217	-1369
3417	-445
3617	-1770
3817	262
4017	-223
4217	-1423
4417	-2133
4617	671
4817	-10717
5017	-1221
5217	541
18	-178
218	-1946
418	-106
618	-4908
818	562
1018	-1180
1218	-121
1418	22
1618	789
1818	-4898
2018	-297
2218	-2827
2418	-2687
2618	-550
2818	68
3018	-2865
3418	429
3618	-1379
3818	-1099
4018	-687
4218	1013
4418	-1803
4618	-1476
4818	-897
5018	157
5218	-884
19	-1352
219	-2493
419	-722
619	309
819	28
1019	-2486
1219	-2539
1419	-4898
1619	-1514
1819	-2181
2019	-5912
2219	-10
2419	-2055
2619	-1265
2819	-861
3019	-906
3219	312
3419	646
3619	-846
3819	-3046
4019	-792
4219	406
4419	-2386
4619	-112
4819	-3915
5019	-127
5219	-260
20	-3237
220	-279
420	-2645
620	2
820	-2418
1020	-617
1220	2311
1420	-519
1620	-2742
1820	-1441
2020	-1229
2220	-218
2420	-285
2620	52
2820	-17192
3020	-1821
3420	338
3620	-1793
3820	-126
4020	-1647
4220	-4476
4420	-4336
4620	-299
4820	-1844
5020	-74
5220	536
21	-510
221	-984
421	-317
621	-3726
821	-4252
1021	-775
1221	-341
1421	112
1621	6
1821	-41
2021	-1520
2221	-849
2421	-63
2621	20
2821	-1578
3021	-178
3221	271
3421	22
3621	-7939
3821	105
4021	594
4221	-1276
4421	-2035
4621	542
4821	-838
5021	-260
5221	-736
22	260
222	-3664
422	-578
622	-7836
822	-1595
1022	-1314
1222	357
1422	-2608
1822	-552
2022	-10908
2222	-670
2422	-1227
2622	95
2822	-180
3022	21
3222	449
3422	-434
3622	-8544
3822	-97
4022	-924
4222	-5735
4422	-1896
4622	563
4822	-841
5022	-723
23	-1528
223	-21626
423	594
623	-4796
823	148
1023	-568
1223	479
1423	-1173
1623	55
1823	-16131
2023	-701
2223	-1353
2423	-1391
2623	-1632
2823	-8383
3023	-1638
3223	-273
3423	-205
3623	-3223
3823	-213
4023	162
4223	-4829
4423	-1102
4623	137
4823	-566
5023	-1305
5223	-591
24	-50
224	-1588
424	688
624	-6121
824	-1391
1024	-141
1224	-5
1424	-226
1624	-156
1824	214
2024	-3020
2224	288
2424	-4113
2624	-1154
2824	-1642
3024	844
3224	-4586
3424	-287
3624	-676
3824	44
4024	-1693
4224	-1831
4424	-2276
4624	-240
4824	-505
5024	-2365
5224	-76
25	79
225	259
425	326
625	-14
825	245
1025	-3170
1225	234
1425	416
1625	-3160
1825	-5141
2025	-2849
2225	-763
2425	590
2625	-97
2825	-4280
3025	-2496
3225	-328
3425	278
3625	-1083
3825	-1489
4025	-1426
4225	-878
4425	-8353
4625	-37
4825	654
5025	-6156
5225	-4882
26	-3971
226	-1384
426	24
626	-14269
826	326
1026	-10059
1226	-232
1626	579
1826	379
2026	-1538
2226	-1314
2426	-1738
2626	-799
2826	-2744
3026	-5441
3226	-159
3426	-78
3626	-4503
3826	-188
4026	557
4226	218
4426	-3154
4626	40
4826	-884
5026	-10788
5226	-2781
27	-827
227	-281
427	542
627	-5900
827	-414
1027	-3265
1227	532
1427	619
1627	225
1827	-746
2027	-6277
2227	285
2427	-5194
2627	-1545
2827	-8831
3027	-150
3227	-1328
3427	-822
3627	-259
3827	-563
4027	349
4227	-2832
4427	-5228
4627	378
4827	124
5027	-1531
5227	-521
28	-1672
228	-1143
428	247
628	-845
828	532
1028	-2657
1228	-213
1428	-3482
1628	-342
1828	-2466
2028	-2488
2228	-1288
2428	-218
2628	51
2828	-593
3028	459
3228	301
3428	-782
3628	-4033
3828	233
4228	-3206
4428	-955
4628	-64
4828	-2567
5028	-624
5228	380
29	-183
229	-4260
429	894
629	-5135
829	56
1029	-1755
1229	425
1429	-620
1629	-3605
1829	-2439
2229	-722
2429	-1700
2629	166
2829	-866
3029	420
3229	33
3429	-2301
3629	-2269
3829	686
4029	-1287
4229	-466
4429	-1740
4629	419
4829	-524
5029	483
5229	-3816
30	-371
230	-4
430	952
630	99
830	201
1030	194
1230	-22941
1430	64
1630	894
1830	-1828
2030	-1932
2230	-634
2430	-2613
2630	-1328
2830	-23530
3030	-1040
3230	-20620
3430	-426
3630	-811
3830	-928
4030	140
4230	520
4430	-6867
4630	229
4830	-3324
5030	-2193
5230	-46
